{"cameraMode":{"drawMode":0,"name":"Shaded","section":"Shading Mode"},"sceneLighting":true,"audioPlay":false,"sceneViewState":{"m_AlwaysRefresh":false,"showFog":true,"showSkybox":true,"showFlares":true,"showImageEffects":true,"showParticleSystems":true,"showVisualEffectGraphs":true,"m_FxEnabled":true},"in2DMode":false,"pivot":{"x":0.7463407516479492,"y":9.337029457092286,"z":-77.12235260009766},"rotation":{"x":0.03137388452887535,"y":0.9685350656509399,"z":-0.18407145142555238,"w":0.16512121260166169},"size":17.876590728759767,"orthographic":false}