{"cameraMode":{"drawMode":0,"name":"Shaded","section":"Shading Mode"},"sceneLighting":true,"audioPlay":false,"sceneViewState":{"m_AlwaysRefresh":false,"showFog":true,"showSkybox":true,"showFlares":true,"showImageEffects":true,"showParticleSystems":true,"showVisualEffectGraphs":true,"m_FxEnabled":true},"in2DMode":false,"pivot":{"x":3.7845640182495119,"y":4.308354377746582,"z":30.32923126220703},"rotation":{"x":-0.0004266723699402064,"y":0.9992775917053223,"z":-0.036299653351306918,"w":-0.01169149111956358},"size":12.314388275146485,"orthographic":false}